{
  "sea_level": 62,
  "disable_mob_generation": false,
  "aquifers_enabled": true,
  "ore_veins_enabled": true,
  "legacy_random_source": false,
  "default_block": {
    "Name": "minecraft:stone"
  },
  "default_fluid": {
    "Name": "minecraft:water",
    "Properties": {
      "level": "0"
    }
  },
  "noise": {
    "min_y": -64,
    "height": 448,
    "size_horizontal": 1,
    "size_vertical": 2
  },
  "noise_router": {
    "barrier": 0,
    "fluid_level_floodedness": 0,
    "fluid_level_spread": 0,
    "lava": 0,
    "temperature": {
      "type": "minecraft:shifted_noise",
      "noise": "minecraft:temperature",
      "xz_scale": 0.25,
      "y_scale": 0,
      "shift_x": "minecraft:shift_x",
      "shift_y": 0,
      "shift_z": "minecraft:shift_z"
    },
    "vegetation": {
      "type": "minecraft:shifted_noise",
      "noise": "minecraft:vegetation",
      "xz_scale": 0.25,
      "y_scale": 0,
      "shift_x": "minecraft:shift_x",
      "shift_y": 0,
      "shift_z": "minecraft:shift_z"
    },
    "continents": {
      "type": "minecraft:mul",
      "argument1": 1.1,
      "argument2": "minecraft:overworld/continents"
    },
    "erosion": "minecraft:overworld/erosion",
    "depth": {
      "type": "minecraft:mul",
      "argument1": 1.25,
      "argument2": "minecraft:overworld/depth"
    },
    "ridges": {
      "type": "minecraft:mul",
      "argument1": 1.3,
      "argument2": "minecraft:overworld/ridges"
    },
    "initial_density_without_jaggedness": {
      "type": "minecraft:add",
      "argument1": 0.1,
      "argument2": {
        "type": "minecraft:mul",
        "argument1": {
          "type": "minecraft:y_clamped_gradient",
          "from_y": -64,
          "to_y": -40,
          "from_value": 0,
          "to_value": 1
        },
        "argument2": {
          "type": "minecraft:add",
          "argument1": -0.1,
          "argument2": {
            "type": "minecraft:mul",
            "argument1": {
              "type": "minecraft:y_clamped_gradient",
              "from_y": 300,
              "to_y": 320,
              "from_value": 1,
              "to_value": 0
            },
            "argument2": {
              "type": "minecraft:add",
              "argument1": 0.1,
              "argument2": {
                "type": "minecraft:mul",
                "argument1": {
                  "type": "minecraft:add",
                  "argument1": -0.01,
                  "argument2": {
                    "type": "minecraft:mul",
                    "argument1": 1.5,
                    "argument2": "minecraft:overworld/depth"
                  }
                },
                "argument2": {
                  "type": "minecraft:mul",
                  "argument1": {
                    "type": "minecraft:add",
                    "argument1": 0.5,
                    "argument2": {
                      "type": "minecraft:mul",
                      "argument1": {
                        "type": "minecraft:add",
                        "argument1": -0.15,
                        "argument2": "minecraft:overworld/continents"
                      },
                      "argument2": 3.0
                    }
                  },
                  "argument2": 64
                }
              }
            }
          }
        }
      }
    },
    "final_density": {
      "type": "minecraft:squeeze",
      "argument": {
        "type": "minecraft:mul",
        "argument1": 0.72,
        "argument2": {
          "type": "minecraft:interpolated",
          "argument": {
            "type": "minecraft:blend_density",
            "argument": {
              "type": "minecraft:mul",
              "argument1": {
                "type": "minecraft:y_clamped_gradient",
                "from_y": -64,
                "to_y": 320,
                "from_value": 1.0,
                "to_value": 0.0
              },
              "argument2": {
                "type": "minecraft:add",
                "argument1": {
                  "type": "minecraft:mul",
                  "argument1": 2.0,
                  "argument2": {
                    "type": "minecraft:noise",
                    "noise": "minecraft:cave_entrance",
                    "xz_scale": 0.75,
                    "y_scale": 0.5
                  }
                },
                "argument2": "realistic_worldgen:initial_density_without_jaggedness"
              }
            }
          }
        }
      }
    },
    "vein_toggle": 0,
    "vein_ridged": 0,
    "vein_gap": 0
  },
  "spawn_target": [
    {
      "temperature": [
        -0.45,
        0.45
      ],
      "humidity": [
        -0.45,
        0.45
      ],
      "continentalness": [
        -0.15,
        0.15
      ],
      "erosion": [
        -0.45,
        0.45
      ],
      "weirdness": [
        -0.45,
        0.45
      ],
      "depth": 0,
      "offset": 0
    }
  ],
  "surface_rule": {
    "type": "minecraft:sequence",
    "sequence": [
      {
        "type": "minecraft:condition",
        "if_true": {
          "type": "minecraft:biome",
          "biome_is": [
            "minecraft:badlands",
            "minecraft:eroded_badlands",
            "minecraft:wooded_badlands",
            "realistic_worldgen:tall_badlands"
          ]
        },
        "then_run": {
          "type": "minecraft:sequence",
          "sequence": [
            {
              "type": "minecraft:condition",
              "if_true": {
                "type": "minecraft:stone_depth",
                "offset": 0,
                "surface_type": "floor",
                "add_surface_depth": false,
                "secondary_depth_range": 0
              },
              "then_run": {
                "type": "minecraft:sequence",
                "sequence": [
                  {
                    "type": "minecraft:condition",
                    "if_true": {
                      "type": "minecraft:water",
                      "offset": -1,
                      "surface_depth_multiplier": 0,
                      "add_stone_depth": false
                    },
                    "then_run": {
                      "type": "minecraft:block",
                      "result_state": {
                        "Name": "minecraft:terracotta"
                      }
                    }
                  }
                ]
              }
            },
            {
              "type": "minecraft:condition",
              "if_true": {
                "type": "minecraft:stone_depth",
                "offset": 3,
                "surface_type": "floor",
                "add_surface_depth": true,
                "secondary_depth_range": 0
              },
              "then_run": {
                "type": "minecraft:sequence",
                "sequence": [
                  {
                    "type": "minecraft:condition",
                    "if_true": {
                      "type": "minecraft:noise_threshold",
                      "noise": "minecraft:surface",
                      "min_threshold": -0.909,
                      "max_threshold": -0.5454
                    },
                    "then_run": {
                      "type": "minecraft:block",
                      "result_state": {
                        "Name": "minecraft:orange_terracotta"
                      }
                    }
                  },
                  {
                    "type": "minecraft:condition",
                    "if_true": {
                      "type": "minecraft:noise_threshold",
                      "noise": "minecraft:surface",
                      "min_threshold": -0.1818,
                      "max_threshold": 0.1818
                    },
                    "then_run": {
                      "type": "minecraft:block",
                      "result_state": {
                        "Name": "minecraft:terracotta"
                      }
                    }
                  },
                  {
                    "type": "minecraft:condition",
                    "if_true": {
                      "type": "minecraft:noise_threshold",
                      "noise": "minecraft:surface",
                      "min_threshold": 0.5454,
                      "max_threshold": 0.909
                    },
                    "then_run": {
                      "type": "minecraft:block",
                      "result_state": {
                        "Name": "minecraft:yellow_terracotta"
                      }
                    }
                  }
                ]
              }
            },
            {
              "type": "minecraft:condition",
              "if_true": {
                "type": "minecraft:stone_depth",
                "offset": 6,
                "surface_type": "floor",
                "add_surface_depth": true,
                "secondary_depth_range": 0
              },
              "then_run": {
                "type": "minecraft:block",
                "result_state": {
                  "Name": "minecraft:red_sandstone"
                }
              }
            }
          ]
        }
      },
      {
        "type": "minecraft:condition",
        "if_true": {
          "type": "minecraft:biome",
          "biome_is": [
            "minecraft:frozen_peaks",
            "minecraft:jagged_peaks",
            "minecraft:stony_peaks",
            "realistic_worldgen:alpine_peaks"
          ]
        },
        "then_run": {
          "type": "minecraft:sequence",
          "sequence": [
            {
              "type": "minecraft:condition",
              "if_true": {
                "type": "minecraft:stone_depth",
                "offset": 0,
                "surface_type": "floor",
                "add_surface_depth": false,
                "secondary_depth_range": 0
              },
              "then_run": {
                "type": "minecraft:sequence",
                "sequence": [
                  {
                    "type": "minecraft:condition",
                    "if_true": {
                      "type": "minecraft:water",
                      "offset": -1,
                      "surface_depth_multiplier": 0,
                      "add_stone_depth": false
                    },
                    "then_run": {
                      "type": "minecraft:block",
                      "result_state": {
                        "Name": "minecraft:stone"
                      }
                    }
                  }
                ]
              }
            },
            {
              "type": "minecraft:condition",
              "if_true": {
                "type": "minecraft:stone_depth",
                "offset": 3,
                "surface_type": "floor",
                "add_surface_depth": true,
                "secondary_depth_range": 0
              },
              "then_run": {
                "type": "minecraft:block",
                "result_state": {
                  "Name": "minecraft:stone"
                }
              }
            },
            {
              "type": "minecraft:condition",
              "if_true": {
                "type": "minecraft:y_above",
                "anchor": {
                  "absolute": 180
                },
                "surface_depth_multiplier": 0,
                "add_stone_depth": false
              },
              "then_run": {
                "type": "minecraft:sequence",
                "sequence": [
                  {
                    "type": "minecraft:condition",
                    "if_true": {
                      "type": "minecraft:noise_threshold",
                      "noise": "minecraft:surface",
                      "min_threshold": 0.2,
                      "max_threshold": 0.9
                    },
                    "then_run": {
                      "type": "minecraft:block",
                      "result_state": {
                        "Name": "minecraft:snow_block"
                      }
                    }
                  }
                ]
              }
            }
          ]
        }
      },
      {
        "type": "minecraft:condition",
        "if_true": {
          "type": "minecraft:vertical_gradient",
          "random_name": "minecraft:bedrock_floor",
          "true_at_and_below": {
            "above_bottom": 0
          },
          "false_at_and_above": {
            "above_bottom": 5
          }
        },
        "then_run": {
          "type": "minecraft:block",
          "result_state": {
            "Name": "minecraft:bedrock"
          }
        }
      },
      {
        "type": "minecraft:condition",
        "if_true": {
          "type": "minecraft:biome",
          "biome_is": [
            "minecraft:frozen_ocean",
            "minecraft:deep_frozen_ocean"
          ]
        },
        "then_run": {
          "type": "minecraft:sequence",
          "sequence": [
            {
              "type": "minecraft:condition",
              "if_true": {
                "type": "minecraft:water",
                "offset": 0,
                "surface_depth_multiplier": 0,
                "add_stone_depth": false
              },
              "then_run": {
                "type": "minecraft:block",
                "result_state": {
                  "Name": "minecraft:ice"
                }
              }
            }
          ]
        }
      },
      {
        "type": "minecraft:condition",
        "if_true": {
          "type": "minecraft:stone_depth",
          "offset": 0,
          "surface_type": "floor",
          "add_surface_depth": false,
          "secondary_depth_range": 0
        },
        "then_run": {
          "type": "minecraft:sequence",
          "sequence": [
            {
              "type": "minecraft:condition",
              "if_true": {
                "type": "minecraft:water",
                "offset": -1,
                "surface_depth_multiplier": 0,
                "add_stone_depth": false
              },
              "then_run": {
                "type": "minecraft:block",
                "result_state": {
                  "Name": "minecraft:grass_block",
                  "Properties": {
                    "snowy": "false"
                  }
                }
              }
            },
            {
              "type": "minecraft:block",
              "result_state": {
                "Name": "minecraft:dirt"
              }
            }
          ]
        }
      },
      {
        "type": "minecraft:condition",
        "if_true": {
          "type": "minecraft:stone_depth",
          "offset": 3,
          "surface_type": "floor",
          "add_surface_depth": true,
          "secondary_depth_range": 0
        },
        "then_run": {
          "type": "minecraft:block",
          "result_state": {
            "Name": "minecraft:dirt"
          }
        }
      }
    ]
  }
}