{
  "type": "minecraft:random_selector",
  "config": {
    "features": [
      {
        "feature": {
          "type": "minecraft:tree",
          "config": {
            "ignore_vines": true,
            "force_dirt": false,
            "minimum_size": {
              "type": "minecraft:three_layers_feature_size",
              "limit": 1,
              "upper_limit": 1,
              "lower_size": 0,
              "middle_size": 1,
              "upper_size": 2
            },
            "dirt_provider": {
              "type": "minecraft:simple_state_provider",
              "state": {
                "Name": "minecraft:dirt"
              }
            },
            "trunk_provider": {
              "type": "minecraft:simple_state_provider",
              "state": {
                "Name": "minecraft:oak_log",
                "Properties": {
                  "axis": "y"
                }
              }
            },
            "foliage_provider": {
              "type": "minecraft:simple_state_provider",
              "state": {
                "Name": "minecraft:oak_leaves",
                "Properties": {
                  "distance": "7",
                  "persistent": "false",
                  "waterlogged": "false"
                }
              }
            },
            "trunk_placer": {
              "type": "minecraft:fancy_trunk_placer",
              "base_height": 8,
              "height_rand_a": 11,
              "height_rand_b": 0
            },
            "foliage_placer": {
              "type": "minecraft:fancy_foliage_placer",
              "radius": 2,
              "offset": 4,
              "height": 6
            },
            "decorators": [
              {
                "type": "minecraft:trunk_vine",
                "provider": {
                  "type": "minecraft:simple_state_provider",
                  "state": {
                    "Name": "minecraft:vine",
                    "Properties": {
                      "east": "false",
                      "north": "false",
                      "south": "false",
                      "up": "false",
                      "west": "false"
                    }
                  }
                }
              },
              {
                "type": "minecraft:leave_vine",
                "provider": {
                  "type": "minecraft:simple_state_provider",
                  "state": {
                    "Name": "minecraft:vine",
                    "Properties": {
                      "east": "false",
                      "north": "false",
                      "south": "false",
                      "up": "false",
                      "west": "false"
                    }
                  }
                }
              },
              {
                "type": "minecraft:cocoa",
                "probability": 0.2
              },
              {
                "type": "minecraft:beehive",
                "probability": 0.05
              }
            ]
          }
        },
        "placement": [
          {
            "type": "minecraft:block_predicate_filter",
            "predicate": {
              "type": "minecraft:would_survive",
              "state": {
                "Name": "minecraft:oak_sapling",
                "Properties": {
                  "stage": "0"
                }
              }
            }
          }
        ]
      },
      {
        "feature": {
          "type": "minecraft:tree",
          "config": {
            "ignore_vines": true,
            "force_dirt": false,
            "minimum_size": {
              "type": "minecraft:two_layers_feature_size",
              "limit": 1,
              "lower_size": 0,
              "upper_size": 2
            },
            "dirt_provider": {
              "type": "minecraft:simple_state_provider",
              "state": {
                "Name": "minecraft:dirt"
              }
            },
            "trunk_provider": {
              "type": "minecraft:simple_state_provider",
              "state": {
                "Name": "minecraft:birch_log",
                "Properties": {
                  "axis": "y"
                }
              }
            },
            "foliage_provider": {
              "type": "minecraft:simple_state_provider",
              "state": {
                "Name": "minecraft:birch_leaves",
                "Properties": {
                  "distance": "7",
                  "persistent": "false",
                  "waterlogged": "false"
                }
              }
            },
            "trunk_placer": {
              "type": "minecraft:straight_trunk_placer",
              "base_height": 7,
              "height_rand_a": 4,
              "height_rand_b": 0
            },
            "foliage_placer": {
              "type": "minecraft:blob_foliage_placer",
              "radius": 2,
              "offset": 0,
              "height": 3
            },
            "decorators": [
              {
                "type": "minecraft:beehive",
                "probability": 0.05
              }
            ]
          }
        },
        "placement": [
          {
            "type": "minecraft:block_predicate_filter",
            "predicate": {
              "type": "minecraft:would_survive",
              "state": {
                "Name": "minecraft:birch_sapling",
                "Properties": {
                  "stage": "0"
                }
              }
            }
          }
        ]
      }
    ],
    "default": {
      "feature": {
        "type": "minecraft:tree",
        "config": {
          "ignore_vines": true,
          "force_dirt": false,
          "minimum_size": {
            "type": "minecraft:two_layers_feature_size",
            "limit": 1,
            "lower_size": 0,
            "upper_size": 1
          },
          "dirt_provider": {
            "type": "minecraft:simple_state_provider",
            "state": {
              "Name": "minecraft:dirt"
            }
          },
          "trunk_provider": {
            "type": "minecraft:simple_state_provider",
            "state": {
              "Name": "minecraft:oak_log",
              "Properties": {
                "axis": "y"
              }
            }
          },
          "foliage_provider": {
            "type": "minecraft:simple_state_provider",
            "state": {
              "Name": "minecraft:oak_leaves",
              "Properties": {
                "distance": "7",
                "persistent": "false",
                "waterlogged": "false"
              }
            }
          },
          "trunk_placer": {
            "type": "minecraft:straight_trunk_placer",
            "base_height": 5,
            "height_rand_a": 2,
            "height_rand_b": 0
          },
          "foliage_placer": {
            "type": "minecraft:blob_foliage_placer",
            "radius": 2,
            "offset": 0,
            "height": 3
          },
          "decorators": [
            {
              "type": "minecraft:beehive",
              "probability": 0.05
            }
          ]
        }
      },
      "placement": [
        {
          "type": "minecraft:block_predicate_filter",
          "predicate": {
            "type": "minecraft:would_survive",
            "state": {
              "Name": "minecraft:oak_sapling",
              "Properties": {
                "stage": "0"
              }
            }
          }
        }
      ]
    }
  }
}