{
  "type": "minecraft:noise_provider_feature",
  "config": {
    "feature": {
      "type": "minecraft:simple_block",
      "config": {
        "to_place": {
          "type": "minecraft:simple_state_provider",
          "state": {
            "Name": "minecraft:stone"
          }
        }
      }
    },
    "noise_provider": {
      "seed": 12345,
      "noise": {
        "firstOctave": -6,
        "amplitudes": [
          1.0,
          1.0,
          1.2
        ]
      },
      "scale": 1.75,
      "source": {
        "seed": 12345,
        "noise": {
          "firstOctave": -6,
          "amplitudes": [
            1.2,
            1.2,
            1.2
          ]
        },
        "scale": 1.75
      }
    }
  }
}