{
  "type": "minecraft:add",
  "argument1": {
    "type": "minecraft:mul",
    "argument1": {
      "type": "minecraft:y_clamped_gradient",
      "from_y": 0,
      "to_y": 450,
      "from_value": 0.5,
      "to_value": -0.5
    },
    "argument2": {
      "type": "minecraft:noise",
      "noise": "minecraft:jagged",
      "xz_scale": 350.0,
      "y_scale": 350.0
    }
  },
  "argument2": {
    "type": "minecraft:add",
    "argument1": {
      "type": "minecraft:noise",
      "noise": "minecraft:cave_entrance",
      "xz_scale": 0.75,
      "y_scale": 0.5
    },
    "argument2": 0.23
  }
}
