{
  "sea_level": 63,
  "disable_mob_generation": false,
  "aquifers_enabled": true,
  "ore_veins_enabled": true,
  "legacy_random_source": false,
  "default_block": {
    "Name": "minecraft:stone"
  },
  "default_fluid": {
    "Name": "minecraft:water",
    "Properties": {
      "level": "0"
    }
  },
  "noise": {
    "min_y": -64,
    "height": 384,
    "size_horizontal": 1,
    "size_vertical": 2,
    "sampling": {
      "xz_scale": 1.0,
      "y_scale": 0.5,
      "xz_factor": 80.0,
      "y_factor": 160.0
    },
    "top_slide": {
      "target": -10,
      "size": 3,
      "offset": 0
    },
    "bottom_slide": {
      "target": -30,
      "size": 0,
      "offset": 0
    },
    "terrain_shaper": {
      "offset": 0.0,
      "factor": 1.0,
      "jaggedness": 0.5
    }
  },
  "noise_router": {
    "barrier": 0,
    "fluid_level_floodedness": 0,
    "fluid_level_spread": 0,
    "lava": 0,
    "temperature": {
      "type": "minecraft:shifted_noise",
      "noise": "minecraft:temperature",
      "xz_scale": 0.25,
      "y_scale": 0,
      "shift_x": "minecraft:shift_x",
      "shift_y": 0,
      "shift_z": "minecraft:shift_z"
    },
    "vegetation": {
      "type": "minecraft:shifted_noise",
      "noise": "minecraft:vegetation",
      "xz_scale": 0.25,
      "y_scale": 0,
      "shift_x": "minecraft:shift_x",
      "shift_y": 0,
      "shift_z": "minecraft:shift_z"
    },
    "continents": "minecraft:overworld/continents",
    "ridges": "minecraft:overworld/ridges",
    "erosion": "minecraft:overworld/erosion",
    "depth": "minecraft:overworld/depth",
    "initial_density_without_jaggedness": {
      "type": "minecraft:add",
      "argument1": 0.1,
      "argument2": {
        "type": "minecraft:mul",
        "argument1": {
          "type": "minecraft:y_clamped_gradient",
          "from_y": -64,
          "to_y": -40,
          "from_value": 0,
          "to_value": 1
        },
        "argument2": {
          "type": "minecraft:add",
          "argument1": -0.1,
          "argument2": {
            "type": "minecraft:mul",
            "argument1": {
              "type": "minecraft:y_clamped_gradient",
              "from_y": 240,
              "to_y": 356,
              "from_value": 1,
              "to_value": 0
            },
            "argument2": {
              "type": "minecraft:add",
              "argument1": 0.1,
              "argument2": "minecraft:overworld/sloped_cheese"
            }
          }
        }
      }
    },
    "final_density": {
      "type": "minecraft:min",
      "argument1": {
        "type": "minecraft:squeeze",
        "argument": {
          "type": "minecraft:mul",
          "argument1": 0.64,
          "argument2": {
            "type": "minecraft:interpolated",
            "argument": {
              "type": "minecraft:blend_density",
              "argument": {
                "type": "minecraft:add",
                "argument1": 0.234375,
                "argument2": {
                  "type": "minecraft:mul",
                  "argument1": {
                    "type": "minecraft:y_clamped_gradient",
                    "from_y": -64,
                    "to_y": -40,
                    "from_value": 0,
                    "to_value": 1
                  },
                  "argument2": {
                    "type": "minecraft:add",
                    "argument1": -0.234375,
                    "argument2": {
                      "type": "minecraft:add",
                      "argument1": -0.64,
                      "argument2": "minecraft:overworld/sloped_cheese"
                    }
                  }
                }
              }
            }
          }
        }
      },
      "argument2": "minecraft:overworld/caves_and_ravines"
    }
  },
  "spawn_target": [],
  "surface_rule": {
    "type": "minecraft:sequence",
    "sequence": [
      {
        "type": "minecraft:condition",
        "if_true": {
          "type": "minecraft:vertical_gradient",
          "random_name": "minecraft:bedrock_floor",
          "true_at_and_below": {
            "above_bottom": 0
          },
          "false_at_and_above": {
            "above_bottom": 5
          }
        },
        "then_run": {
          "type": "minecraft:block",
          "result_state": {
            "Name": "minecraft:bedrock"
          }
        }
      },
      {
        "type": "minecraft:condition",
        "if_true": {
          "type": "minecraft:biome",
          "biome_is": [
            "minecraft:frozen_ocean",
            "minecraft:frozen_river"
          ]
        },
        "then_run": {
          "type": "minecraft:condition",
          "if_true": {
            "type": "minecraft:stone_depth",
            "offset": 0,
            "surface_type": "floor",
            "add_surface_depth": false,
            "secondary_depth_range": 0
          },
          "then_run": {
            "type": "minecraft:sequence",
            "sequence": [
              {
                "type": "minecraft:condition",
                "if_true": {
                  "type": "minecraft:water",
                  "offset": -1,
                  "surface_depth_multiplier": 0,
                  "add_stone_depth": false
                },
                "then_run": {
                  "type": "minecraft:block",
                  "result_state": {
                    "Name": "minecraft:ice"
                  }
                }
              },
              {
                "type": "minecraft:block",
                "result_state": {
                  "Name": "minecraft:snow_block"
                }
              }
            ]
          }
        }
      },
      {
        "type": "minecraft:condition",
        "if_true": {
          "type": "minecraft:biome",
          "biome_is": [
            "minecraft:deep_frozen_ocean"
          ]
        },
        "then_run": {
          "type": "minecraft:condition",
          "if_true": {
            "type": "minecraft:stone_depth",
            "offset": 0,
            "surface_type": "floor",
            "add_surface_depth": false,
            "secondary_depth_range": 0
          },
          "then_run": {
            "type": "minecraft:sequence",
            "sequence": [
              {
                "type": "minecraft:condition",
                "if_true": {
                  "type": "minecraft:water",
                  "offset": -1,
                  "surface_depth_multiplier": 0,
                  "add_stone_depth": false
                },
                "then_run": {
                  "type": "minecraft:block",
                  "result_state": {
                    "Name": "minecraft:ice"
                  }
                }
              },
              {
                "type": "minecraft:block",
                "result_state": {
                  "Name": "minecraft:snow_block"
                }
              }
            ]
          }
        }
      },
      {
        "type": "minecraft:condition",
        "if_true": {
          "type": "minecraft:biome",
          "biome_is": [
            "realistic_worldgen:alpine_peaks"
          ]
        },
        "then_run": {
          "type": "minecraft:sequence",
          "sequence": [
            {
              "type": "minecraft:condition",
              "if_true": {
                "type": "minecraft:y_above",
                "anchor": {
                  "absolute": 200
                },
                "surface_depth_multiplier": 0,
                "add_stone_depth": false
              },
              "then_run": {
                "type": "minecraft:condition",
                "if_true": {
                  "type": "minecraft:stone_depth",
                  "offset": 0,
                  "surface_type": "floor",
                  "add_surface_depth": false,
                  "secondary_depth_range": 0
                },
                "then_run": {
                  "type": "minecraft:block",
                  "result_state": {
                    "Name": "minecraft:snow_block"
                  }
                }
              }
            }
          ]
        }
      },
      {
        "type": "minecraft:condition",
        "if_true": {
          "type": "minecraft:not",
          "invert": {
            "type": "minecraft:biome",
            "biome_is": [
              "minecraft:the_void"
            ]
          }
        },
        "then_run": "minecraft:overworld"
      }
    ]
  }
}