{
  "feature": "minecraft:ore",
  "placement": [
    {
      "type": "minecraft:count",
      "count": 128
    },
    {
      "type": "minecraft:in_square"
    },
    {
      "type": "minecraft:height_range",
      "height": {
        "type": "minecraft:uniform",
        "min_inclusive": {
          "absolute": -64
        },
        "max_inclusive": {
          "absolute": 64
        }
      }
    },
    {
      "type": "minecraft:biome"
    },
    {
      "type": "minecraft:carving_mask",
      "step": "air"
    }
  ]
}