{
  "feature": "tall_mountains:high_altitude_emerald",
  "placement": [
    {
      "type": "minecraft:count",
      "count": 8
    },
    {
      "type": "minecraft:in_square"
    },
    {
      "type": "minecraft:height_range",
      "height": {
        "type": "minecraft:uniform",
        "min_inclusive": {
          "absolute": 250
        },
        "max_inclusive": {
          "absolute": 430
        }
      }
    },
    {
      "type": "minecraft:biome"
    }
  ]
}