{
  "feature": "tall_mountains:high_altitude_diamond",
  "placement": [
    {
      "type": "minecraft:count",
      "count": 4
    },
    {
      "type": "minecraft:in_square"
    },
    {
      "type": "minecraft:height_range",
      "height": {
        "type": "minecraft:uniform",
        "min_inclusive": {
          "absolute": 200
        },
        "max_inclusive": {
          "absolute": 440
        }
      }
    },
    {
      "type": "minecraft:biome"
    }
  ]
}