{
  "feature": "minecraft:ore_diamond",
  "placement": [
    {
      "type": "minecraft:count",
      "count": 8
    },
    {
      "type": "minecraft:in_square"
    },
    {
      "type": "minecraft:height_range",
      "height": {
        "type": "minecraft:uniform",
        "min_inclusive": {
          "absolute": -64
        },
        "max_inclusive": {
          "absolute": 16
        }
      }
    },
    {
      "type": "minecraft:biome"
    },
    {
      "type": "minecraft:rarity_filter",
      "chance": 4
    }
  ]
}