{
  "sea_level": 63,
  "disable_mob_generation": false,
  "aquifers_enabled": true,
  "ore_veins_enabled": true,
  "legacy_random_source": false,
  "default_block": {
    "Name": "minecraft:stone"
  },
  "default_fluid": {
    "Name": "minecraft:water",
    "Properties": {
      "level": "0"
    }
  },
  "noise": {
    "min_y": -64,
    "height": 514, // Increased height to accommodate 450-block mountains
    "size_horizontal": 1,
    "size_vertical": 2
  },
  "noise_router": {
    "barrier": 0,
    "fluid_level_floodedness": 0,
    "fluid_level_spread": 0,
    "lava": 0,
    "temperature": {
      "type": "minecraft:shifted_noise",
      "noise": "minecraft:temperature",
      "xz_scale": 0.25,
      "y_scale": 0,
      "shift_x": "minecraft:shift_x",
      "shift_y": 0,
      "shift_z": "minecraft:shift_z"
    },
    "vegetation": {
      "type": "minecraft:shifted_noise",
      "noise": "minecraft:vegetation",
      "xz_scale": 0.25,
      "y_scale": 0,
      "shift_x": "minecraft:shift_x",
      "shift_y": 0,
      "shift_z": "minecraft:shift_z"
    },
    "continents": "minecraft:overworld/continents",
    "erosion": "minecraft:overworld/erosion",
    "depth": "minecraft:overworld/depth",
    "ridges": "minecraft:overworld/ridges",
    "initial_density_without_jaggedness": {
      "type": "minecraft:mul",
      "argument1": 4.0,
      "argument2": {
        "type": "minecraft:quarter_negative",
        "argument": {
          "type": "minecraft:mul",
          "argument1": "minecraft:overworld/depth",
          "argument2": {
            "type": "minecraft:cache_2d",
            "argument": "minecraft:overworld/factor"
          }
        }
      }
    },
    "final_density": {
      "type": "minecraft:mul",
      "argument1": 0.64,
      "argument2": {
        "type": "minecraft:interpolated",
        "argument": {
          "type": "minecraft:blend_density",
          "argument": {
            "type": "minecraft:mul",
            "argument1": "minecraft:overworld/base_3d_noise",
            "argument2": {
              "type": "minecraft:add",
              "argument1": -0.30,
              "argument2": {
                "type": "minecraft:mul",
                "argument1": {
                  "type": "minecraft:mul",
                  "argument1": {
                    "type": "minecraft:abs",
                    "argument": {
                      "type": "minecraft:mul",
                      "argument1": 2.5,
                      "argument2": "minecraft:overworld/jaggedness"
                    }
                  },
                  "argument2": {
                    "type": "minecraft:half_negative",
                    "argument": {
                      "type": "minecraft:abs",
                      "argument": "minecraft:overworld/jaggedness"
                    }
                  }
                },
                "argument2": {
                  "type": "minecraft:square",
                  "argument": {
                    "type": "minecraft:noise",
                    "noise": "minecraft:jagged",
                    "xz_scale": 1500.0,
                    "y_scale": 0.0
                  }
                }
              }
            }
          }
        }
      }
    },
    "vein_toggle": 0,
    "vein_ridged": 0,
    "vein_gap": 0
  },
  "spawn_target": [
    {
      "temperature": [
        -1.0,
        1.0
      ],
      "humidity": [
        -1.0,
        1.0
      ],
      "continentalness": [
        -0.11,
        1.0
      ],
      "erosion": [
        -1.0,
        1.0
      ],
      "weirdness": [
        -1.0,
        1.0
      ],
      "depth": 0.0,
      "offset": 0.0
    }
  ],
  "surface_rule": {
    "type": "minecraft:sequence",
    "sequence": [
      // Surface and subsurface rules would go here
    ]
  }
}