{
  "feature": "realistic_worldgen:underground_river",
  "placement": [
    {
      "type": "minecraft:count",
      "count": 25
    },
    {
      "type": "minecraft:in_square"
    },
    {
      "type": "minecraft:height_range",
      "height": {
        "type": "minecraft:uniform",
        "min_inclusive": {
          "absolute": -55
        },
        "max_inclusive": {
          "absolute": 10
        }
      }
    },
    {
      "type": "minecraft:biome"
    },
    {
      "type": "minecraft:noise_threshold_count",
      "noise_level": 0.06,
      "below_noise": 0,
      "above_noise": 6
    },
    {
      "type": "minecraft:carving_mask",
      "step": "liquid"
    }
  ]
}