{
  "type": "minecraft:random_patch",
  "config": {
    "feature": {
      "type": "minecraft:simple_block",
      "config": {
        "to_place": {
          "type": "minecraft:simple_state_provider",
          "state": {
            "Name": "minecraft:water",
            "Properties": {
              "level": "0"
            }
          }
        }
      }
    },
    "tries": 64,
    "xz_spread": 12,
    "y_spread": 4,
    "project": true,
    "targets": [
      {
        "target": {
          "predicate_type": "minecraft:tag_match",
          "tag": "realistic_worldgen:river_blocks"
        },
        "state": {
          "Name": "minecraft:water",
          "Properties": {
            "level": "0"
          }
        }
      }
    ]
  }
}