{
  "feature": {
    "type": "minecraft:ore",
    "config": {
      "discard_chance_on_air_exposure": 0.5,
      "size": 6,
      "targets": [
        {
          "state": {
            "Name": "minecraft:diamond_ore"
          },
          "target": {
            "predicate_type": "minecraft:tag_match",
            "tag": "minecraft:stone_ore_replaceables"
          }
        },
        {
          "state": {
            "Name": "minecraft:deepslate_diamond_ore"
          },
          "target": {
            "predicate_type": "minecraft:tag_match",
            "tag": "minecraft:deepslate_ore_replaceables"
          }
        }
      ]
    }
  },
  "placement": [
    {
      "type": "minecraft:count",
      "count": 4
    },
    {
      "type": "minecraft:in_square"
    },
    {
      "type": "minecraft:height_range",
      "height": {
        "type": "minecraft:uniform",
        "min_inclusive": {
          "absolute": -60
        },
        "max_inclusive": {
          "absolute": -30
        }
      }
    },
    {
      "type": "minecraft:biome"
    }
  ]
}