{
  "type": "minecraft:canyon",
  "config": {
    "probability": 0.25,
    "y": {
      "type": "minecraft:uniform",
      "min_inclusive": {
        "absolute": 20
      },
      "max_inclusive": {
        "absolute": 50
      }
    },
    "yScale": 0.5,
    "vertical_rotation": {
      "type": "minecraft:uniform",
      "value": {
        "min_inclusive": -0.125,
        "max_exclusive": 0.125
      }
    },
    "shape": {
      "distance_factor": {
        "type": "minecraft:uniform",
        "value": {
          "min_inclusive": 0.75,
          "max_exclusive": 1.0
        }
      },
      "thickness": {
        "type": "minecraft:trapezoid",
        "value": {
          "min": 0.0,
          "max": 6.0,
          "plateau": 2.0
        }
      },
      "width_smoothness": 3,
      "horizontal_radius_factor": {
        "type": "minecraft:uniform",
        "value": {
          "min_inclusive": 0.75,
          "max_exclusive": 1.5
        }
      },
      "vertical_radius_default_factor": 1.0,
      "vertical_radius_center_factor": 0.0
    },
    "lava_level": {
      "above_bottom": 10
    }
  }
}